art and entertainment,music,about guitars,10
art and entertainment,music,about pianos,10
art and entertainment,music,about musical instruments,10
art and entertainment,music,about music awards,10
art and entertainment,music,about record labels,10
art and entertainment,music,about recording industry,10
art and entertainment,music,about singing,10
art and entertainment,music,about music,10
art and entertainment,radio,about podcasts,10
art and entertainment,radio,about radio programs,10
art and entertainment,radio,about radio talk,10
art and entertainment,radio,about radio programs,10
art and entertainment,shows and events,beauty contest,10
art and entertainment,shows and events,about circus,10
art and entertainment,shows and events,about classical concert,10
art and entertainment,shows and events,about concert,10
art and entertainment,shows and events,conference,10
art and entertainment,shows and events,about exhibition shows,10
art and entertainment,shows and events,about fair and exhibition,10
art and entertainment,shows and events,about festivals,10
art and entertainment,shows and events,about sports event,10
art and entertainment,theatre,about theatre awards,10
art and entertainment,theatre,about theatre companies,10
art and entertainment,theatre,about theatre art,10
art and entertainment,visual art and design,about architecture,10
art and entertainment,visual art and design,materials used in art and craft,10
art and entertainment,visual art and design,about art museums and galleries of the world,10
art and entertainment,visual art and design,arts education,10
art and entertainment,visual art and design,about graphic design,10
art and entertainment,visual art and design,about industrial and product design,10
art and entertainment,visual art and design,about interior design,10
art and entertainment,visual art and design,about design,10
art and entertainment,visual art and design,about digital art,10
art and entertainment,visual art and design,about drawing,10
art and entertainment,visual art and design,about painting,10
art and entertainment,visual art and design,about performance art,10
art and entertainment,visual art and design,about restoration of art,10
art and entertainment,visual art and design,about sculpture,10
art and entertainment,visual art and design,about visual art and design,10
art and entertainment,art and entertainment,about art and entertainment,10
automotive and vehicles,auto parts,about auto parts,13
automotive and vehicles,auto repair,about auto repair,13
automotive and vehicles,bicycles and accessories,about mountain bikes,13
automotive and vehicles,bicycles and accessories,about bicycles and accessories,13
automotive and vehicles,boats and watercraft,about boats and watercraft,13
automotive and vehicles,buying and selling cars,buying and selling cars,13
automotive and vehicles,campers and rvs,all about campers and rvs,13
automotive and vehicles,cars,about car culture,13
automotive and vehicles,cars,car industry,13
automotive and vehicles,cars,about convertible car,13
automotive and vehicles,cars,about coupe car,13
automotive and vehicles,cars,about crossover car,13
automotive and vehicles,cars,about diesel car,13
automotive and vehicles,cars,about hatchback car,13
automotive and vehicles,cars,about hybrid car,13
automotive and vehicles,cars,about luxury car,13
automotive and vehicles,cars,about performance vehicles,13
automotive and vehicles,cars,about sedan car,13
automotive and vehicles,cars,about vintage cars,13
automotive and vehicles,cars,about wagon car,13
automotive and vehicles,cars,about cars,13
automotive and vehicles,certified pre-owned,about certified pre-owned vehicles,13
automotive and vehicles,commercial vehicles,about commercial vehicles,13
automotive and vehicles,electric vehicles,about electric vehicles,13
automotive and vehicles,minivan,about minivan vehicle,13
automotive and vehicles,motor shows,about motor shows,13
automotive and vehicles,motorcycles,about motorcycles,13
automotive and vehicles,off-road vehicles,about off-road vehicles,13
automotive and vehicles,road-side assistance,about road-side assistance,13
automotive and vehicles,scooters and mopeds,about scooters and mopeds,13
automotive and vehicles,trucks and suvs,about pickup trucks,13
automotive and vehicles,trucks and suvs,about suvs vehicle brands,13
automotive and vehicles,trucks and suvs,about truck accessories vehicle brands,13
automotive and vehicles,vehicle brands,about acura vehicle brands,13
automotive and vehicles,vehicle brands,about alfa romeo vehicle brands,13
automotive and vehicles,vehicle brands,audi vehicle brands,13
automotive and vehicles,vehicle brands,bentley vehicle brands,13
automotive and vehicles,vehicle brands,buick vehicle brands,13
automotive and vehicles,vehicle brands,cadillac vehicle brands,13
automotive and vehicles,vehicle brands,chevrolet vehicle brands,13
automotive and vehicles,vehicle brands,chrysler vehicle brands,13
automotive and vehicles,vehicle brands,ferrari vehicle brands,13
automotive and vehicles,vehicle brands,fiat vehicle brands,13
automotive and vehicles,vehicle brands,ford vehicle brands,13
automotive and vehicles,vehicle brands,honda vehicle brands,13
automotive and vehicles,vehicle brands,hyundai vehicle brands,13
automotive and vehicles,vehicle brands,isuzu vehicle brands,13
automotive and vehicles,vehicle brands,jeep vehicle brands,13
automotive and vehicles,vehicle brands,kia vehicle brands,13
automotive and vehicles,vehicle brands,lamborghini vehicle brands,13
automotive and vehicles,vehicle brands,land rover vehicle brands,13
automotive and vehicles,vehicle brands,maserati vehicle brands,13
automotive and vehicles,vehicle brands,mazda vehicle brands,13
automotive and vehicles,vehicle brands,mercedes-benz vehicle brands,13
automotive and vehicles,vehicle brands,mitsubishi vehicle brands,13
automotive and vehicles,vehicle brands,nissan infiniti vehicle brands,13
automotive and vehicles,vehicle brands,nissan vehicle brands,13
automotive and vehicles,vehicle brands,peugeot vehicle brands,13
automotive and vehicles,vehicle brands,pontiac vehicle brands,13
automotive and vehicles,vehicle brands,porsche vehicle brands,13
automotive and vehicles,vehicle brands,rolls-royce vehicle brands,13
automotive and vehicles,vehicle brands,saab vehicle brands,13
automotive and vehicles,vehicle brands,scion vehicle brands,13
automotive and vehicles,vehicle brands,subaru vehicle brands,13
automotive and vehicles,vehicle brands,suzuki vehicle brands,13
automotive and vehicles,vehicle brands,toyota vehicle brands,13
automotive and vehicles,vehicle brands,volkswagen vehicle brands,13
automotive and vehicles,vehicle brands,volvo vehicle brands,13
automotive and vehicles,vehicle rental,vehicle rental,13
automotive and vehicles,automotive and vehicles,automotive and vehicles,13
business and industrial,advertising and marketing,advertising,13
business and industrial,advertising and marketing,brand management,13
business and industrial,advertising and marketing,marketing,13
business and industrial,advertising and marketing,public relations,13
business and industrial,advertising and marketing,telemarketing,13
business and industrial,aerospace and defense,defense industry,13
business and industrial,aerospace and defense,space technology,13
business and industrial,aerospace and defense,about aerospace and defense,13
business and industrial,agriculture and forestry,agriculture,13
business and industrial,agriculture and forestry,aquaculture,13
business and industrial,agriculture and forestry,about crops and seed,13
business and industrial,agriculture and forestry,about farms and ranches,13
business and industrial,agriculture and forestry,about food production,13
business and industrial,agriculture and forestry,about forestry,13
business and industrial,agriculture and forestry,horticulture,13
business and industrial,agriculture and forestry,about livestock,13
business and industrial,agriculture and forestry,about organic farming,13
business and industrial,automation,about robotics,13
business and industrial,biomedical,biomedical,13
business and industrial,business news,business news,13
business and industrial,business operations,business plans,13
business and industrial,business operations,compensation and benefits,13
business and industrial,business operations,payroll services,13
business and industrial,business operations,human resources,13
business and industrial,business operations,business process,13
business and industrial,business operations,about project management,13
business and industrial,business operations,about supply chain management,13
business and industrial,business operations,about business operations,13
business and industrial,business software,about business software,13
business and industrial,chemicals industry,aabout dhesives,13
business and industrial,chemicals industry,about cleaning agents,13
business and industrial,chemicals industry,about dyes and pigments,13
business and industrial,chemicals industry,about plastics and polymers,13
business and industrial,chemicals industry,chemicals industry,13
business and industrial,company,company annual report,13
business and industrial,company,bankruptcy of company,13
business and industrial,company,earnings of company,13
business and industrial,company,about joint venture,13
business and industrial,company,about merger and acquisition of company,13
business and industrial,construction,about construction of company,13
business and industrial,energy,coal,13
business and industrial,energy,electricity,13
business and industrial,energy,natural gas,13
business and industrial,energy,nuclear accident,13
business and industrial,energy,nuclear power,13
business and industrial,energy,diesel fuel,13
business and industrial,energy,oil and gas prices,13
business and industrial,energy,about oil company,13
business and industrial,energy,about oil energy,13
business and industrial,energy,biofuel,13
business and industrial,energy,fuel cell,13
business and industrial,energy,geothermal energy,13
business and industrial,energy,hydroelectric energy,13
business and industrial,energy,solar energy,13
business and industrial,energy,wind energy,13
business and industrial,energy,renewable energy,13
business and industrial,fashion industry,fashion industry,13
business and industrial,food industry,food industry,13
business and industrial,green solutions,green solutions,13
business and industrial,hospitality industry,event planning,13
business and industrial,hospitality industry,food service,13
business and industrial,hospitality industry,hospitality industry,13
business and industrial,iron and steel industry,iron and steel industry,13
business and industrial,logistics,air freight,13
business and industrial,logistics,freight train,13
business and industrial,logistics,about logistics,13
business and industrial,manufacturing,about manufacturing,13
business and industrial,metals,aabout metals,13
business and industrial,mining industry,mining industry,13
business and industrial,paper industry,paper industry,13
business and industrial,pharmaceutical industry,pharmaceutical industry,13
business and industrial,publishing,publishing,13
business and industrial,record company,record company,13
business and industrial,shipbuilding,shipbuilding industry,13
business and industrial,tanning,tanning industry,13
business and industrial,textile industry,textile industry,13
business and industrial,war industry,weaponry,13
business and industrial,business and industrial,business and industrial,13
careers,career advice,career advice,111
careers,career planning,career planning,111
careers,job fairs,about job fairs,111
careers,job search,about job search,111
careers,nursing,nursing,111
careers,resume writing and advice,about resume writing and advice,111
careers,telecommuting,telecommuting,111
careers,u.s. military,u.s. military,111
careers,careers,about careers,111
education,adult education,adult education,47
education,alumni and reunions,alumni and reunions,47
education,art history,art history,47
education,distance learning,about distance learning,47
education,english as a second language,about english as a second language,47
education,grade school,about grade school,47
education,graduate school,about college,47
education,graduate school,about college administration,47
education,graduate school,about college life,47
education,graduate school,about graduate school,47
education,high school,about high school,47
education,homeschooling,about homeschooling,47
education,homework and study tips,about homework and study tips,47
education,language learning,about language learning,47
education,school,about private school,47
education,school,about school,47
education,special education,about special education,47
education,studying business,about studying business,47
education,teaching and classroom resources,about lesson plans,47
education,teaching and classroom resources,about school supplies,47
education,education,about education,47
family and parenting,adoption,about adoption,76
family and parenting,babies and toddlers,about baby clothes,76
family and parenting,babies and toddlers,about baby food,76
family and parenting,babies and toddlers,about babies and toddlers,76
family and parenting,children,about daycare and preschool,76
family and parenting,children,about children,76
family and parenting,eldercare,about eldercare,76
family and parenting,motherhood,about artificial insemination,76
family and parenting,motherhood,about pregnancy,76
family and parenting,motherhood,about motherhood,76
family and parenting,parenting teens,about parenting teens,76
family and parenting,special needs kids,about special needs kids,76
family and parenting,family and parenting,about family and parenting,76
finance,accounting and auditing,about billing and invoicing,23
finance,accounting and auditing,about bookkeeping,23
finance,accounting and auditing,about tax preparation and planning,23
finance,accounting and auditing,about accounting and auditing,23
finance,bank,about atms,23
finance,bank,about bank account,23
finance,bank,about bank checks,23
finance,bank,about bank,23
finance,financial news,about financial news,23
finance,"grants, scholarships and financial aid",about financial aid,23
finance,"grants, scholarships and financial aid",about government grants,23
finance,"grants, scholarships and financial aid",about scholarships,23
finance,investing,about beginning investing,23
finance,investing,about brokerages,23
finance,investing,about day trading,23
finance,investing,about exchange traded funds,23
finance,investing,about hedge fund,23
finance,investing,about mutual funds,23
finance,investing,about futures trading,23
finance,investing,about investment options,23
finance,investing,about investment portfolio,23
finance,investing,about stocks,23
finance,investing,about venture capital,23
finance,investing,about financial investment,23
finance,personal finance,about debt management,23
finance,personal finance,about asset and portfolio management,23
finance,personal finance,about estate planning,23
finance,personal finance,about retirement and pension,23
finance,personal finance,about financial planning,23
finance,personal finance,about car insurance,23
finance,personal finance,about health insurance,23
finance,personal finance,about homeowners insurance,23
finance,personal finance,about life insurance,23
finance,personal finance,about travel insurance,23
finance,personal finance,about vehicle insurance,23
finance,personal finance,about insurance,23
finance,personal finance,about credit cards,23
finance,personal finance,about home financing,23
finance,personal finance,about personal loans,23
finance,personal finance,about student loans,23
finance,personal finance,about vehicle financing,23
finance,personal finance,about financial saving,23
finance,finance,about finance,23
food and drink,barbecues and grilling,about barbecues and grilling,24
food and drink,beverages,about cocktails and beer beverages,24
food and drink,beverages,about wine beverages,24
food and drink,beverages,about bottled water,24
food and drink,beverages,about about coffee and tea beverages,24
food and drink,beverages,about soft drinks,24
food and drink,beverages,about beverages,24
food and drink,cuisines,about american cuisine,24
food and drink,cuisines,about chinese cuisine,24
food and drink,cuisines,about french cuisine,24
food and drink,cuisines,about indian cuisine,24
food and drink,cuisines,about italian cuisine,24
food and drink,cuisines,about japanese cuisine,24
food and drink,cuisines,about mexican cuisine,24
food and drink,cuisines,about regional cuisine,24
food and drink,desserts and baking,about desserts and baking,24
food and drink,dining out,about dining out,24
food and drink,food,about baked goods,24
food and drink,food,about breakfast foods,24
food and drink,food,about candy and sweets,24
food and drink,food,about condiments and dressings,24
food and drink,food,about fast food,24
food and drink,food,about frozen food,24
food and drink,food,about fruits and vegetables,24
food and drink,food,about grains and pasta,24
food and drink,food,about herbs and spices,24
food and drink,food,about salads,24
food and drink,food,about snack foods,24
food and drink,food allergies,about food allergies,24
food and drink,food and grocery retailers,about bakeries,24
food and drink,food and grocery retailers,about butchers,24
food and drink,food and grocery retailers,about convenience stores,24
food and drink,food and grocery retailers,about grocery stores,24
food and drink,gastronomy,about slow food,24
food and drink,gastronomy,about gastronomy,24
food and drink,health and lowfat cooking,about health and lowfat cooking,24
food and drink,healthy eating,about healthy eating,24
food and drink,kosher food,about kosher food,24
food and drink,vegan,about vegan,24
food and drink,vegetarian,about vegetarian,24
food and drink,food and drink,about food and drink,24
health and fitness,addiction,about alcoholism,19
health and fitness,addiction,about smoking addiction,19
health and fitness,addiction,about substance abuse,19
health and fitness,addiction,about addiction,19
health and fitness,aging,about aging,19
health and fitness,alternative medicine,about herbs for health,19
health and fitness,alternative medicine,about holistic healing,19
health and fitness,alternative medicine,about homeopathy,19
health and fitness,alternative medicine,about alternative medicine,19
health and fitness,dental care,about dental care,19
health and fitness,disease,about aids and hiv,19
health and fitness,disease,about allergies,19
health and fitness,disease,about arthritis,19
health and fitness,disease,about asthma,19
health and fitness,disease,about autism and pdd,19
health and fitness,disease,about brain tumor,19
health and fitness,disease,about cancer,19
health and fitness,disease,about cholesterol,19
health and fitness,disease,about chronic fatigue syndrome,19
health and fitness,disease,about chronic pain,19
health and fitness,disease,about cold and flu,19
health and fitness,disease,about deafness,19
health and fitness,disease,about diabetes,19
health and fitness,disease,about epidemic,19
health and fitness,disease,about epilepsy,19
health and fitness,disease,about gerd and acid reflux,19
health and fitness,disease,about headaches and migraines,19
health and fitness,disease,about heart disease,19
health and fitness,disease,about ibs and crohn's disease,19
health and fitness,disease,about incontinence,19
health and fitness,disease,about infertility,19
health and fitness,disease,about thyroid disease,19
health and fitness,disease,about disease,19
health and fitness,disorders,about a.d.d.,19
health and fitness,disorders,about bipolar disorder,19
health and fitness,disorders,about depression,19
health and fitness,disorders,about panic and anxiety,19
health and fitness,disorders,about mental disorder,19
health and fitness,disorders,about sleep disorders,19
health and fitness,disorders,about disorders,19
health and fitness,drugs,about drugs,19
health and fitness,exercise,about exercise,19
health and fitness,incest and abuse support,about incest and abuse support,19
health and fitness,men's health,about men's health,19
health and fitness,nutrition,about nutrition,19
health and fitness,sexuality,about sexuality,19
health and fitness,sports medicine,about sports medicine,19
health and fitness,therapy,about physical therapy,19
health and fitness,therapy,about therapy,19
health and fitness,weight loss,about weight loss,19
health and fitness,women's health,about women's health,19
health and fitness,health and fitness,about health and fitness,19
hobbies and interests,art and technology,about art and technology,27
hobbies and interests,arts and crafts,about beadwork,27
hobbies and interests,arts and crafts,about candle and soap making,27
hobbies and interests,arts and crafts,about crochet,27
hobbies and interests,arts and crafts,about jewelry making,27
hobbies and interests,arts and crafts,about knitting,27
hobbies and interests,arts and crafts,about photography,27
hobbies and interests,arts and crafts,about pottery,27
hobbies and interests,arts and crafts,about watchmaking,27
hobbies and interests,arts and crafts,about woodworking,27
hobbies and interests,arts and crafts,about arts and crafts,27
hobbies and interests,astrology,about astrology,27
hobbies and interests,birdwatching,about birdwatching,27
hobbies and interests,cigars,about cigars,27
hobbies and interests,collecting,about stamps and coins,27
hobbies and interests,collecting,about collecting,27
hobbies and interests,games,about board games and puzzles,27
hobbies and interests,games,about card games,27
hobbies and interests,games,about chess,27
hobbies and interests,games,about gambling,27
hobbies and interests,games,about lottery,27
hobbies and interests,games,about role playing games,27
hobbies and interests,games,about video and computer games,27
hobbies and interests,getting published,about freelance writing,27
hobbies and interests,getting published,about screenwriting,27
hobbies and interests,getting published,about getting published,27
hobbies and interests,guitar,about guitar,27
hobbies and interests,home recording,about home recording,27
hobbies and interests,inventors and patents,about inventors and patents,27
hobbies and interests,magic and illusion,about magic and illusion,27
hobbies and interests,needlework,about needlework,27
hobbies and interests,paranormal phenomena,about occult,27
hobbies and interests,paranormal phenomena,about parapsychology,27
hobbies and interests,paranormal phenomena,about paranormal phenomena,27
hobbies and interests,reading,about reading,27
hobbies and interests,scrapbooking,about scrapbooking,27
hobbies and interests,hobbies and interests,about hobbies and interests,27
home and garden,appliances,about dishwashers,28
home and garden,appliances,about microwaves,28
home and garden,appliances,about refrigerators and freezers,28
home and garden,appliances,about blenders,28
home and garden,appliances,about coffee maker,28
home and garden,appliances,about food processors,28
home and garden,appliances,about toasters and toaster ovens,28
home and garden,appliances,about stoves,28
home and garden,appliances,about appliances,28
home and garden,bed and bath,about bathroom,28
home and garden,bed and bath,about bedding and bed linens,28
home and garden,bed and bath,about beds and headboards,28
home and garden,bed and bath,about mattresses,28
home and garden,bed and bath,about bedroom,28
home and garden,environmental safety,about environmental safety,28
home and garden,gardening and landscaping,about gardening,28
home and garden,gardening and landscaping,about landscaping,28
home and garden,gardening and landscaping,about yard and patio,28
home and garden,home furnishings,about lamps and lighting,28
home and garden,home furnishings,about rugs and carpets,28
home and garden,home furnishings,about sofas and chairs,28
home and garden,home furnishings,about home furnishings,28
home and garden,home improvement and repair,about house painting and finishing,28
home and garden,home improvement and repair,about locks and locksmiths,28
home and garden,home improvement and repair,about plumbing,28
home and garden,home improvement and repair,about power tools,28
home and garden,home improvement and repair,about roofing,28
home and garden,home improvement and repair,about home improvement and repair,28
home and garden,interior decorating,about interior decorating,28
home and garden,laundry,about laundry,28
home and garden,luxury homes,about luxury homes,28
home and garden,nursery and playroom,about nursery and playroom,28
home and garden,pest control,about pest control,28
home and garden,remodeling and construction,about remodeling and construction,28
home and garden,home and garden,about home and garden,28
"law, govt and politics",armed forces,about air force,19
"law, govt and politics",armed forces,about army,19
"law, govt and politics",armed forces,about marines,19
"law, govt and politics",armed forces,about navy,19
"law, govt and politics",armed forces,about veterans,19
"law, govt and politics",commentary,about commentary,19
"law, govt and politics",espionage and intelligence,about secret service,19
"law, govt and politics",espionage and intelligence,about surveillance,19
"law, govt and politics",espionage and intelligence,about terrorism,19
"law, govt and politics",espionage and intelligence,about espionage and intelligence,19
"law, govt and politics",government,about courts and judiciary,19
"law, govt and politics",government,about embassies and consulates,19
"law, govt and politics",government,about executive branch,19
"law, govt and politics",government,about government agencies,19
"law, govt and politics",government,about government contracting and procurement,19
"law, govt and politics",government,about heads of state,19
"law, govt and politics",government,about legislative,19
"law, govt and politics",government,about parliament,19
"law, govt and politics",government,about state and local government,19
"law, govt and politics",government,about government,19
"law, govt and politics",immigration,about immigration,19
"law, govt and politics",law enforcement,about coast guard,19
"law, govt and politics",law enforcement,about fire department,19
"law, govt and politics",law enforcement,about highway patrol,19
"law, govt and politics",law enforcement,about police,19
"law, govt and politics",law enforcement,about law enforcement,19
"law, govt and politics",legal issues,about copyright,19
"law, govt and politics",legal issues,about civil law,19
"law, govt and politics",legal issues,about civil rights,19
"law, govt and politics",legal issues,about privacy,19
"law, govt and politics",legal issues,about criminal law,19
"law, govt and politics",legal issues,about death penalty,19
"law, govt and politics",legal issues,about human rights,19
"law, govt and politics",legal issues,about international law,19
"law, govt and politics",legal issues,about building laws,19
"law, govt and politics",legal issues,about education laws,19
"law, govt and politics",legal issues,about family laws,19
"law, govt and politics",legal issues,about health care laws,19
"law, govt and politics",legal issues,about immigration laws,19
"law, govt and politics",legal issues,about tax laws,19
"law, govt and politics",legal issues,about legislation,19
"law, govt and politics",legal issues,about legal issues,19
"law, govt and politics",politics,about domestic policy,19
"law, govt and politics",politics,about local elections,19
"law, govt and politics",politics,about presidential elections,19
"law, govt and politics",politics,about referendums,19
"law, govt and politics",politics,about elections,19
"law, govt and politics",politics,about foreign policy,19
"law, govt and politics",politics,about lobbying,19
"law, govt and politics",politics,about political parties,19
"law, govt and politics",politics,about politics,19
"law, govt and politics","law, govt and politics","about law, govt and politics",19
news,international news,about international news,250
news,local news,about local news,250
news,national news,about national news,250
news,news,about news,250
pets,animal welfare,about animal welfare,111
pets,aquariums,about aquariums,111
pets,birds,about birds,111
pets,cats,about cats,111
pets,dogs,about dogs,111
pets,large animals,about large animals,111
pets,reptiles,about reptiles,111
pets,zoo,about zoo,111
pets,pets,about pets,111
real estate,apartments,about apartments,200
real estate,architects,about architects,200
real estate,buying and selling homes,about buying and selling homes,200
real estate,low income housing,about low income housing,200
real estate,real estate,about real estate,200
religion and spirituality,alternative religions,about pagan and wiccan,76
religion and spirituality,atheism and agnosticism,about atheism and agnosticism,76
religion and spirituality,buddhism,about buddhism,76
religion and spirituality,christianity,about catholicism,76
religion and spirituality,christianity,about latter-day saints,76
religion and spirituality,christianity,about orthodoxy,76
religion and spirituality,christianity,about protestantism,76
religion and spirituality,christianity,about christianity,76
religion and spirituality,hinduism,about hinduism,76
religion and spirituality,islam,about islamic fundamentalism,76
religion and spirituality,islam,about islam,76
religion and spirituality,judaism,about judaism,76
religion and spirituality,religion and spirituality,about religion and spirituality,76
science,biology,about biotechnology,11
science,biology,about botany,11
science,biology,about breeding,11
science,biology,about cytology,11
science,biology,about marine biology,11
science,biology,about molecular biology,11
science,biology,about endangered species,11
science,biology,about entomology,11
science,biology,about ornithology,11
science,biology,about zoology,11
science,biology,about biology,11
science,chemistry,about organic chemistry,11
science,chemistry,about chemistry,11
science,computer science,about artificial intelligence,11
science,computer science,about cryptography,11
science,computer science,about distributed systems,11
science,computer science,about information science,11
science,computer science,about software engineering,11
science,computer science,about computer science,11
science,ecology,about environmental disaster,11
science,ecology,about pollution,11
science,ecology,about recycling,11
science,ecology,about waste disposal,11
science,ecology,about ecology,11
science,engineering,about engineering,11
science,geography,about cartography,11
science,geography,about topography,11
science,geography,about geography,11
science,geology,about mineralogy,11
science,geology,about earthquakes,11
science,geology,about volcanic eruptions,11
science,geology,about geology,11
science,mathematics,about algebra,11
science,mathematics,about arithmetic,11
science,mathematics,about geometry,11
science,mathematics,about statistics,11
science,mathematics,about mathematics,11
science,medicine,about cardiology,11
science,medicine,about dermatology,11
science,medicine,about embryology,11
science,medicine,about genetics,11
science,medicine,about immunology,11
science,medicine,about medical research,11
science,medicine,about oncology,11
science,medicine,about orthopedics,11
science,medicine,about pediatrics,11
science,medicine,about pharmacology,11
science,medicine,about physiology,11
science,medicine,about psychoanalysis,11
science,medicine,about psychology and psychiatry,11
science,medicine,about cosmetic surgery,11
science,medicine,about transplants,11
science,medicine,about surgery,11
science,medicine,about veterinary medicine,11
science,medicine,about medicine,11
science,physics,about atomic physics,11
science,physics,about astrophysics,11
science,physics,about electromagnetism,11
science,physics,about hydraulics,11
science,physics,about nanotechnology,11
science,physics,about optics,11
science,physics,about space and astronomy,11
science,physics,about thermodynamics,11
science,physics,about physics,11
science,social science,about anthropology,11
science,social science,about ancient history,11
science,social science,about archaeology,11
science,social science,about genealogy,11
science,social science,about heraldry,11
science,social science,about medieval history,11
science,social science,about modern history,11
science,social science,about prehistory,11
science,social science,about history,11
science,social science,about translation,11
science,social science,about linguistics,11
science,social science,about pedagogy,11
science,social science,about ethics,11
science,social science,about philosophy,11
science,social science,about sociology,11
science,social science,about social science,11
science,weather,about flood,11
science,weather,about hurricane,11
science,weather,about tornado,11
science,weather,about meteorological disaster,11
science,weather,about weather,11
science,science,about science,11
shopping,auctions,about auctions,40
shopping,classifieds,about classifieds,40
shopping,gifts,about flowers,40
shopping,gifts,about greeting cards,40
shopping,gifts,about party supplies,40
shopping,gifts,about gifts,40
shopping,resources,about comparisons engines,40
shopping,resources,about consumer protection,40
shopping,resources,about contests and freebies,40
shopping,resources,about coupons,40
shopping,resources,about loyalty programs,40
shopping,resources,about product reviews,40
shopping,resources,about warranties and service contracts,40
shopping,retail,about department stores,40
shopping,retail,about online stores,40
shopping,retail,about outlet stores,40
shopping,retail,about second-hand market,40
shopping,retail,about wholesalers,40
shopping,retail,about retail,40
shopping,toys,about action figures,40
shopping,toys,about dolls,40
shopping,toys,about puppets,40
shopping,toys,about stuffed animals,40
shopping,toys,about toys,40
shopping,shopping,about shopping,40
society,crime,about drug trafficking,22
society,crime,about organized crime,22
society,crime,about assault,22
society,crime,about hate crime,22
society,crime,about homicide,22
society,crime,about human trafficking,22
society,crime,about kidnapping,22
society,crime,about torture,22
society,crime,about arson,22
society,crime,about bribery,22
society,crime,about burglary,22
society,crime,about embezzlement,22
society,crime,about fraud,22
society,crime,about larceny,22
society,crime,about piracy,22
society,crime,about robbery,22
society,crime,about smuggling,22
society,crime,about usury,22
society,crime,about paedophilia,22
society,crime,about prostitution,22
society,crime,about rape,22
society,crime,about crime,22
society,dating,about dating,22
society,gay life,about gay life,22
society,racism,about racism,22
society,senior living,about senior living,22
society,sex,about pornography,22
society,sex,about sex education,22
society,sex,about sex,22
society,social institution,about divorce,22
society,social institution,about common law marriage,22
society,social institution,about weddings,22
society,social institution,about marriage,22
society,teens,about teens,22
society,unrest and war,about unrest and war,22
society,welfare,about hospital,22
society,welfare,about healthcare,22
society,welfare,about volunteering,22
society,welfare,about social services,22
society,welfare,about welfare,22
society,work,about contracts,22
society,work,about retirement,22
society,work,about unemployment,22
society,work,about unions,22
society,society,about society,22
sports,archery,about archery,11
sports,auto racing,about nascar,11
sports,auto racing,about rally,11
sports,auto racing,about auto racing,11
sports,badminton,about badminton,11
sports,baseball,about baseball,11
sports,basketball,about basketball,11
sports,bicycling,about mountain biking,11
sports,bicycling,about bicycling,11
sports,billiards,about billiards,11
sports,boat racing,about boat racing,11
sports,bobsled,about bobsled,11
sports,bodybuilding,about bodybuilding,11
sports,bowling,about bowling,11
sports,boxing,about boxing,11
sports,canoeing and kayaking,about canoeing and kayaking,11
sports,cheerleading,about cheerleading,11
sports,climbing,about mountain climbing,11
sports,climbing,about rock climbing,11
sports,climbing,about climbing,11
sports,cricket,about cricket,11
sports,curling,about curling,11
sports,diving,about diving,11
sports,dog sled,about dog sled,11
sports,fencing,about fencing,11
sports,fishing,about fly fishing,11
sports,fishing,about freshwater fishing,11
sports,fishing,about saltwater fishing,11
sports,fishing,about sport fishing,11
sports,fishing,about fishing,11
sports,football,about football,11
sports,go kart,about go kart,11
sports,golf,about golf,11
sports,gymnastics,about calisthenics,11
sports,gymnastics,about gymnastics,11
sports,handball,about handball,11
sports,hockey,about field hockey,11
sports,hockey,about hockey,11
sports,horse racing,about horse racing,11
sports,horses,about horses,11
sports,hunting and shooting,about skeet shooting,11
sports,hunting and shooting,about target shooting,11
sports,hunting and shooting,about hunting and shooting,11
sports,martial arts,about judo,11
sports,martial arts,about karate,11
sports,martial arts,about sumo,11
sports,martial arts,about martial arts,11
sports,motorcycling,about motorcycling,11
sports,olympics,about paralympic games,11
sports,olympics,about olympics,11
sports,paintball,about paintball,11
sports,parachuting,about parachuting,11
sports,polo,about polo,11
sports,rodeo,about rodeo,11
sports,rowing,about rowing,11
sports,rugby,about rugby,11
sports,running and jogging,about running and jogging,11
sports,sailing,about sailing,11
sports,scuba diving,about scuba diving,11
sports,skateboarding,about skateboarding,11
sports,skating,about figure skating,11
sports,skating,about ice skating,11
sports,skating,about roller skating,11
sports,skating,about skating,11
sports,skiing,about downhill skiing,11
sports,skiing,about nordic skiing,11
sports,skiing,about waterskiing,11
sports,skiing,about skiing,11
sports,snowboarding,about snowboarding,11
sports,soccer,about soccer,11
sports,softball,about softball,11
sports,sports news,about sports news,11
sports,surfing and bodyboarding,about surfing and bodyboarding,11
sports,swimming,about swimming,11
sports,table tennis and ping-pong,about table tennis and ping-pong,11
sports,tennis,about tennis,11
sports,trekking,about trekking,11
sports,volleyball,about beach volleyball,11
sports,volleyball,about volleyball,11
sports,wakeboarding,about wakeboarding,11
sports,walking,about walking,11
sports,water polo,about water polo,11
sports,weightlifting,about weightlifting,11
sports,windsurfing,about windsurfing,11
sports,wrestling,about wrestling,11
sports,sports,about sports,11
style and fashion,accessories,about backpacks,17
style and fashion,accessories,about gloves,17
style and fashion,accessories,about hats,17
style and fashion,accessories,about scarves,17
style and fashion,accessories,about socks,17
style and fashion,accessories,about sunglasses,17
style and fashion,accessories,about ties,17
style and fashion,accessories,about wallets,17
style and fashion,accessories,about watches,17
style and fashion,accessories,about accessories,17
style and fashion,beauty,about cologne,17
style and fashion,beauty,about eyeshadow,17
style and fashion,beauty,about lipstick,17
style and fashion,beauty,about nail polish,17
style and fashion,beauty,about cosmetics,17
style and fashion,beauty,about cosmetology and beauty professionals,17
style and fashion,beauty,about body care,17
style and fashion,beauty,about hygiene and toiletries,17
style and fashion,beauty,about nail care,17
style and fashion,beauty,about hair care,17
style and fashion,beauty,about perfume,17
style and fashion,beauty,about tattoos,17
style and fashion,body art,about body art,17
style and fashion,clothing,about blazers,17
style and fashion,clothing,about coats,17
style and fashion,clothing,about hoodies,17
style and fashion,clothing,about jackets,17
style and fashion,clothing,about leggings,17
style and fashion,clothing,about lingerie,17
style and fashion,clothing,about pajamas,17
style and fashion,clothing,about jeans,17
style and fashion,clothing,about pants,17
style and fashion,clothing,about petticoats,17
style and fashion,clothing,about shirts,17
style and fashion,clothing,about shorts,17
style and fashion,clothing,about skirts,17
style and fashion,clothing,about sweaters,17
style and fashion,clothing,about wedding dresses,17
style and fashion,clothing,about clothing,17
style and fashion,fashion designers,about fashion designers,17
style and fashion,footwear,about boots,17
style and fashion,footwear,about sandals,17
style and fashion,footwear,about shoes,17
style and fashion,footwear,about slippers,17
style and fashion,footwear,about sneakers,17
style and fashion,footwear,about footwear,17
style and fashion,jewelry,about bracelets,17
style and fashion,jewelry,about earrings,17
style and fashion,jewelry,about necklaces,17
style and fashion,jewelry,about rings,17
style and fashion,jewelry,about jewelry,17
style and fashion,luxury goods,about luxury goods,17
style and fashion,men 's fashion,about men 's fashion,17
style and fashion,swimwear,about bikinis,17
style and fashion,swimwear,about swimwear,17
style and fashion,underwear,about underwear,17
style and fashion,style and fashion,about style and fashion,17
technology and computing,computer certification,about computer certification,9
technology and computing,computer crime,about computer crime,9
technology and computing,computer reviews,about computer reviews,9
technology and computing,computer security,about antivirus and malware,9
technology and computing,computer security,about network security,9
technology and computing,computer security,about computer security,9
technology and computing,consumer electronics,about headphones,9
technology and computing,consumer electronics,about speakers,9
technology and computing,consumer electronics,about stereo systems and components,9
technology and computing,consumer electronics,about audio equipment,9
technology and computing,consumer electronics,about binoculars,9
technology and computing,consumer electronics,about camcorders,9
technology and computing,consumer electronics,about camera bags,9
technology and computing,consumer electronics,about camera batteries,9
technology and computing,consumer electronics,about camera lenses,9
technology and computing,consumer electronics,about cameras,9
technology and computing,consumer electronics,about telescopes,9
technology and computing,consumer electronics,about ebook reader,9
technology and computing,consumer electronics,about nintendo,9
technology and computing,consumer electronics,about playstation,9
technology and computing,consumer electronics,about xbox,9
technology and computing,consumer electronics,about game systems and consoles,9
technology and computing,consumer electronics,about home video and dvd,9
technology and computing,consumer electronics,about portable entertainment,9
technology and computing,consumer electronics,about radios,9
technology and computing,consumer electronics,about smart phones,9
technology and computing,consumer electronics,about mobile phones,9
technology and computing,consumer electronics,about telephones,9
technology and computing,consumer electronics,about dvrs and set-top boxes,9
technology and computing,consumer electronics,about home theater systems,9
technology and computing,consumer electronics,about projectors,9
technology and computing,consumer electronics,about hdtvs,9
technology and computing,consumer electronics,about lcd tvs,9
technology and computing,consumer electronics,about plasma tvs,9
technology and computing,consumer electronics,about televisions,9
technology and computing,consumer electronics,about blu-ray players and recorders,9
technology and computing,consumer electronics,about dvd players and recorders,9
technology and computing,consumer electronics,about tv and video equipment,9
technology and computing,consumer electronics,about consumer electronics,9
technology and computing,data centers,about data centers,9
technology and computing,electronic components,about electronic components,9
technology and computing,enterprise technology,about customer relationship management,9
technology and computing,enterprise technology,about data management,9
technology and computing,enterprise technology,about enterprise resource planning,9
technology and computing,hardware,about desktop computer,9
technology and computing,hardware,about laptop,9
technology and computing,hardware,about palmtops and pdas,9
technology and computing,hardware,about tablet,9
technology and computing,hardware,about portable computer,9
technology and computing,hardware,about servers,9
technology and computing,hardware,about computer,9
technology and computing,hardware,about chips and processors,9
technology and computing,hardware,about disks,9
technology and computing,hardware,about graphics cards,9
technology and computing,hardware,about portable,9
technology and computing,hardware,about memory,9
technology and computing,hardware,about motherboards,9
technology and computing,hardware,about sound cards,9
technology and computing,hardware,about router,9
technology and computing,hardware,about wireless technology,9
technology and computing,hardware,about computer monitors,9
technology and computing,hardware,about copiers,9
technology and computing,hardware,about fax machines,9
technology and computing,hardware,about printers,9
technology and computing,hardware,about scanners,9
technology and computing,hardware,about computer peripherals,9
technology and computing,hardware,about hardware,9
technology and computing,internet technology,about chat,9
technology and computing,internet technology,about ecommerce,9
technology and computing,internet technology,about email,9
technology and computing,internet technology,about internet cafes,9
technology and computing,internet technology,about isps,9
technology and computing,internet technology,about social network,9
technology and computing,internet technology,about web clip art,9
technology and computing,internet technology,about web design and html,9
technology and computing,internet technology,about people search,9
technology and computing,internet technology,about web search,9
technology and computing,internet technology,about internet technology,9
technology and computing,mp3 and midi,about mp3 and midi,9
technology and computing,networking,about network monitoring and management,9
technology and computing,networking,about vpn and remote access,9
technology and computing,networking,about networking,9
technology and computing,operating systems,about linux,9
technology and computing,operating systems,about mac os,9
technology and computing,operating systems,about unix,9
technology and computing,operating systems,about windows,9
technology and computing,operating systems,about operating systems,9
technology and computing,programming languages,about c and c++,9
technology and computing,programming languages,about java,9
technology and computing,programming languages,about javascript,9
technology and computing,programming languages,about visual basic,9
technology and computing,programming languages,about programming languages,9
technology and computing,software,about databases,9
technology and computing,software,about desktop publishing,9
technology and computing,software,about desktop video,9
technology and computing,software,about animation,9
technology and computing,software,about graphics software,9
technology and computing,software,about net conferencing,9
technology and computing,software,about shareware and freeware,9
technology and computing,software,about software,9
technology and computing,tech news,about tech news,9
technology and computing,technical support,about technical support,9
technology and computing,technological innovation,about technological innovation,9
technology and computing,technology and computing,about technology and computing,9
travel,budget travel,about budget travel,21
travel,business travel,about business travel,21
travel,honeymoons and getaways,about honeymoons and getaways,21
travel,hotels,about hotels,21
travel,specialty travel,about adventure travel,21
travel,specialty travel,about ecotourism,21
travel,specialty travel,about sightseeing tours,21
travel,specialty travel,about vineyards,21
travel,tourist destinations,about africa,21
travel,tourist destinations,about australia and new zealand,21
travel,tourist destinations,about canada,21
travel,tourist destinations,about caribbean,21
travel,tourist destinations,about eastern europe,21
travel,tourist destinations,about europe,21
travel,tourist destinations,about france,21
travel,tourist destinations,about greece,21
travel,tourist destinations,about italy,21
travel,tourist destinations,about japan,21
travel,tourist destinations,about mexico and central america,21
travel,tourist destinations,about national parks,21
travel,tourist destinations,about seaside resort,21
travel,tourist destinations,about ski resorts,21
travel,tourist destinations,about south america,21
travel,tourist destinations,about spas,21
travel,tourist destinations,about theme parks,21
travel,tourist destinations,about united kingdom,21
travel,tourist destinations,about tourist destinations,21
travel,tourist facilities,about bed and breakfast,21
travel,tourist facilities,about camping,21
travel,tourist facilities,about hotel,21
travel,transports,about air and space accident,21
travel,transports,about airfare,21
travel,transports,about airlines,21
travel,transports,about airplanes,21
travel,transports,about airports,21
travel,transports,about helicopters,21
travel,transports,about air travel,21
travel,transports,about public transport,21
travel,transports,about road accident,21
travel,transports,about cruises,21
travel,transports,about train travel,21
travel,travel agencies,about travel agencies,21
travel,travel guides,about travel guides,21
travel,traveling with kids,about traveling with kids,21
travel,vacation rentals,about vacation rentals,21
travel,travel,about travel,21

